<?xml version="1.0"?>
<measure>
  <schema_version>3.0</schema_version>
  <name>simulation_settings</name>
  <uid>3e7bfacf-9163-422c-b63f-254d27920644</uid>
  <version_id>48027966-2ff9-4aa8-8d92-1fbb8515c441</version_id>
  <version_modified>20230130T002411Z</version_modified>
  <xml_checksum>D8922A73</xml_checksum>
  <class_name>SimulationSettings</class_name>
  <display_name>Simulation Settings</display_name>
  <description>Sets timestep, daylight savings, calendar year, and run period.</description>
  <modeler_description>Sets timestep, daylight savings, calendar year, and run period.</modeler_description>
  <arguments>
    <argument>
      <name>timesteps_per_hr</name>
      <display_name>Simulation Timestep</display_name>
      <description>Simulation timesteps per hr</description>
      <type>Integer</type>
      <required>true</required>
      <model_dependent>false</model_dependent>
      <default_value>4</default_value>
    </argument>
    <argument>
      <name>enable_dst</name>
      <display_name>Enable Daylight Savings</display_name>
      <description>Set to true to make model schedules observe daylight savings. Set to false if in a location where DST is not observed.</description>
      <type>Boolean</type>
      <required>true</required>
      <model_dependent>false</model_dependent>
      <default_value>true</default_value>
      <choices>
        <choice>
          <value>true</value>
          <display_name>true</display_name>
        </choice>
        <choice>
          <value>false</value>
          <display_name>false</display_name>
        </choice>
      </choices>
    </argument>
    <argument>
      <name>dst_start</name>
      <display_name>Daylight Savings Starts</display_name>
      <description>Only used if Enable Daylight Savings is true</description>
      <type>String</type>
      <required>true</required>
      <model_dependent>false</model_dependent>
      <default_value>2nd Sunday in March</default_value>
    </argument>
    <argument>
      <name>dst_end</name>
      <display_name>Daylight Savings Starts</display_name>
      <description>Only used if Enable Daylight Savings is true</description>
      <type>String</type>
      <required>true</required>
      <model_dependent>false</model_dependent>
      <default_value>1st Sunday in November</default_value>
    </argument>
    <argument>
      <name>calendar_year</name>
      <display_name>Calendar Year</display_name>
      <description>This will impact the day of the week the simulation starts on. An input value of 0 will leave the year un-altered</description>
      <type>Integer</type>
      <required>true</required>
      <model_dependent>false</model_dependent>
      <default_value>0</default_value>
    </argument>
    <argument>
      <name>jan_first_day_of_wk</name>
      <display_name>Day of Week that Jan 1st falls on</display_name>
      <description>Only used if Calendar Year = 0.  If Calendar Year specified, use correct start day for that year.</description>
      <type>String</type>
      <required>true</required>
      <model_dependent>false</model_dependent>
      <default_value>Thursday</default_value>
    </argument>
    <argument>
      <name>begin_month</name>
      <display_name>Begin Month</display_name>
      <description>First month of simulation</description>
      <type>Integer</type>
      <required>true</required>
      <model_dependent>false</model_dependent>
      <default_value>1</default_value>
    </argument>
    <argument>
      <name>begin_day</name>
      <display_name>Begin Day</display_name>
      <description>First day of simulation</description>
      <type>Integer</type>
      <required>true</required>
      <model_dependent>false</model_dependent>
      <default_value>1</default_value>
    </argument>
    <argument>
      <name>end_month</name>
      <display_name>End Month</display_name>
      <description>Last month of simulation</description>
      <type>Integer</type>
      <required>true</required>
      <model_dependent>false</model_dependent>
      <default_value>12</default_value>
    </argument>
    <argument>
      <name>end_day</name>
      <display_name>End Day</display_name>
      <description>Last day of simulation</description>
      <type>Integer</type>
      <required>true</required>
      <model_dependent>false</model_dependent>
      <default_value>31</default_value>
    </argument>
  </arguments>
  <outputs />
  <provenances />
  <tags>
    <tag>Whole Building.Space Types</tag>
  </tags>
  <attributes>
    <attribute>
      <name>Measure Type</name>
      <value>ModelMeasure</value>
      <datatype>string</datatype>
    </attribute>
    <attribute>
      <name>Intended Software Tool</name>
      <value>Apply Measure Now</value>
      <datatype>string</datatype>
    </attribute>
    <attribute>
      <name>Intended Software Tool</name>
      <value>OpenStudio Application</value>
      <datatype>string</datatype>
    </attribute>
    <attribute>
      <name>Intended Software Tool</name>
      <value>Parametric Analysis Tool</value>
      <datatype>string</datatype>
    </attribute>
  </attributes>
  <files>
    <file>
      <filename>README.md.erb</filename>
      <filetype>erb</filetype>
      <usage_type>readmeerb</usage_type>
      <checksum>703C9964</checksum>
    </file>
    <file>
      <filename>LICENSE.md</filename>
      <filetype>md</filetype>
      <usage_type>license</usage_type>
      <checksum>7406EC0C</checksum>
    </file>
    <file>
      <filename>README.md</filename>
      <filetype>md</filetype>
      <usage_type>readme</usage_type>
      <checksum>ED672577</checksum>
    </file>
    <file>
      <version>
        <software_program>OpenStudio</software_program>
        <identifier>2.7.0</identifier>
        <min_compatible>2.7.0</min_compatible>
      </version>
      <filename>measure.rb</filename>
      <filetype>rb</filetype>
      <usage_type>script</usage_type>
      <checksum>0670B7DD</checksum>
    </file>
  </files>
</measure>
