<?xml version="1.0"?>
<measure>
  <schema_version>3.0</schema_version>
  <name>set_service_water_heating_template</name>
  <uid>8c402a06-45ca-4501-b7d7-a174077b1f6e</uid>
  <version_id>0a207fb6-4eb0-4d28-a2b3-c2496819a06d</version_id>
  <version_modified>20230130T002401Z</version_modified>
  <xml_checksum>F5F290C6</xml_checksum>
  <class_name>SetServiceWaterHeatingTemplate</class_name>
  <display_name>Set Service Water Heating Template</display_name>
  <description>Change the service water heating components to make their properties match the selected template.</description>
  <modeler_description>Change the  service water heating components to make their properties match the selected template using the OpenStudio Standards methods.  Will replace the existing properties where present.</modeler_description>
  <arguments>
    <argument>
      <name>as_constructed_template</name>
      <display_name>As Constructed Template</display_name>
      <description>Template that represents the year the building was first constructed.</description>
      <type>Choice</type>
      <required>true</required>
      <model_dependent>false</model_dependent>
      <default_value>ComStock DOE Ref 1980-2004</default_value>
      <choices>
        <choice>
          <value>DEER Pre-1975</value>
          <display_name>DEER Pre-1975</display_name>
        </choice>
        <choice>
          <value>DEER 1985</value>
          <display_name>DEER 1985</display_name>
        </choice>
        <choice>
          <value>DEER 1996</value>
          <display_name>DEER 1996</display_name>
        </choice>
        <choice>
          <value>DEER 2003</value>
          <display_name>DEER 2003</display_name>
        </choice>
        <choice>
          <value>DEER 2007</value>
          <display_name>DEER 2007</display_name>
        </choice>
        <choice>
          <value>DEER 2011</value>
          <display_name>DEER 2011</display_name>
        </choice>
        <choice>
          <value>DEER 2014</value>
          <display_name>DEER 2014</display_name>
        </choice>
        <choice>
          <value>DEER 2015</value>
          <display_name>DEER 2015</display_name>
        </choice>
        <choice>
          <value>DEER 2017</value>
          <display_name>DEER 2017</display_name>
        </choice>
        <choice>
          <value>DOE Ref Pre-1980</value>
          <display_name>DOE Ref Pre-1980</display_name>
        </choice>
        <choice>
          <value>DOE Ref 1980-2004</value>
          <display_name>DOE Ref 1980-2004</display_name>
        </choice>
        <choice>
          <value>90.1-2004</value>
          <display_name>90.1-2004</display_name>
        </choice>
        <choice>
          <value>90.1-2007</value>
          <display_name>90.1-2007</display_name>
        </choice>
        <choice>
          <value>90.1-2010</value>
          <display_name>90.1-2010</display_name>
        </choice>
        <choice>
          <value>90.1-2013</value>
          <display_name>90.1-2013</display_name>
        </choice>
        <choice>
          <value>ComStock DOE Ref Pre-1980</value>
          <display_name>ComStock DOE Ref Pre-1980</display_name>
        </choice>
        <choice>
          <value>ComStock DOE Ref 1980-2004</value>
          <display_name>ComStock DOE Ref 1980-2004</display_name>
        </choice>
        <choice>
          <value>ComStock 90.1-2004</value>
          <display_name>ComStock 90.1-2004</display_name>
        </choice>
        <choice>
          <value>ComStock 90.1-2007</value>
          <display_name>ComStock 90.1-2007</display_name>
        </choice>
        <choice>
          <value>ComStock 90.1-2010</value>
          <display_name>ComStock 90.1-2010</display_name>
        </choice>
        <choice>
          <value>ComStock 90.1-2013</value>
          <display_name>ComStock 90.1-2013</display_name>
        </choice>
      </choices>
    </argument>
    <argument>
      <name>template</name>
      <display_name>Template</display_name>
      <type>Choice</type>
      <required>true</required>
      <model_dependent>false</model_dependent>
      <default_value>ComStock DOE Ref 1980-2004</default_value>
      <choices>
        <choice>
          <value>DEER Pre-1975</value>
          <display_name>DEER Pre-1975</display_name>
        </choice>
        <choice>
          <value>DEER 1985</value>
          <display_name>DEER 1985</display_name>
        </choice>
        <choice>
          <value>DEER 1996</value>
          <display_name>DEER 1996</display_name>
        </choice>
        <choice>
          <value>DEER 2003</value>
          <display_name>DEER 2003</display_name>
        </choice>
        <choice>
          <value>DEER 2007</value>
          <display_name>DEER 2007</display_name>
        </choice>
        <choice>
          <value>DEER 2011</value>
          <display_name>DEER 2011</display_name>
        </choice>
        <choice>
          <value>DEER 2014</value>
          <display_name>DEER 2014</display_name>
        </choice>
        <choice>
          <value>DEER 2015</value>
          <display_name>DEER 2015</display_name>
        </choice>
        <choice>
          <value>DEER 2017</value>
          <display_name>DEER 2017</display_name>
        </choice>
        <choice>
          <value>DOE Ref Pre-1980</value>
          <display_name>DOE Ref Pre-1980</display_name>
        </choice>
        <choice>
          <value>DOE Ref 1980-2004</value>
          <display_name>DOE Ref 1980-2004</display_name>
        </choice>
        <choice>
          <value>90.1-2004</value>
          <display_name>90.1-2004</display_name>
        </choice>
        <choice>
          <value>90.1-2007</value>
          <display_name>90.1-2007</display_name>
        </choice>
        <choice>
          <value>90.1-2010</value>
          <display_name>90.1-2010</display_name>
        </choice>
        <choice>
          <value>90.1-2013</value>
          <display_name>90.1-2013</display_name>
        </choice>
        <choice>
          <value>ComStock DOE Ref Pre-1980</value>
          <display_name>ComStock DOE Ref Pre-1980</display_name>
        </choice>
        <choice>
          <value>ComStock DOE Ref 1980-2004</value>
          <display_name>ComStock DOE Ref 1980-2004</display_name>
        </choice>
        <choice>
          <value>ComStock 90.1-2004</value>
          <display_name>ComStock 90.1-2004</display_name>
        </choice>
        <choice>
          <value>ComStock 90.1-2007</value>
          <display_name>ComStock 90.1-2007</display_name>
        </choice>
        <choice>
          <value>ComStock 90.1-2010</value>
          <display_name>ComStock 90.1-2010</display_name>
        </choice>
        <choice>
          <value>ComStock 90.1-2013</value>
          <display_name>ComStock 90.1-2013</display_name>
        </choice>
      </choices>
    </argument>
    <argument>
      <name>climate_zone</name>
      <display_name>Climate Zone</display_name>
      <type>Choice</type>
      <required>true</required>
      <model_dependent>false</model_dependent>
      <default_value>ASHRAE 169-2013-2B</default_value>
      <choices>
        <choice>
          <value>ASHRAE 169-2013-1A</value>
          <display_name>ASHRAE 169-2013-1A</display_name>
        </choice>
        <choice>
          <value>ASHRAE 169-2013-1B</value>
          <display_name>ASHRAE 169-2013-1B</display_name>
        </choice>
        <choice>
          <value>ASHRAE 169-2013-2A</value>
          <display_name>ASHRAE 169-2013-2A</display_name>
        </choice>
        <choice>
          <value>ASHRAE 169-2013-2B</value>
          <display_name>ASHRAE 169-2013-2B</display_name>
        </choice>
        <choice>
          <value>ASHRAE 169-2013-3A</value>
          <display_name>ASHRAE 169-2013-3A</display_name>
        </choice>
        <choice>
          <value>ASHRAE 169-2013-3B</value>
          <display_name>ASHRAE 169-2013-3B</display_name>
        </choice>
        <choice>
          <value>ASHRAE 169-2013-3C</value>
          <display_name>ASHRAE 169-2013-3C</display_name>
        </choice>
        <choice>
          <value>ASHRAE 169-2013-4A</value>
          <display_name>ASHRAE 169-2013-4A</display_name>
        </choice>
        <choice>
          <value>ASHRAE 169-2013-4B</value>
          <display_name>ASHRAE 169-2013-4B</display_name>
        </choice>
        <choice>
          <value>ASHRAE 169-2013-4C</value>
          <display_name>ASHRAE 169-2013-4C</display_name>
        </choice>
        <choice>
          <value>ASHRAE 169-2013-5A</value>
          <display_name>ASHRAE 169-2013-5A</display_name>
        </choice>
        <choice>
          <value>ASHRAE 169-2013-5B</value>
          <display_name>ASHRAE 169-2013-5B</display_name>
        </choice>
        <choice>
          <value>ASHRAE 169-2013-5C</value>
          <display_name>ASHRAE 169-2013-5C</display_name>
        </choice>
        <choice>
          <value>ASHRAE 169-2013-6A</value>
          <display_name>ASHRAE 169-2013-6A</display_name>
        </choice>
        <choice>
          <value>ASHRAE 169-2013-6B</value>
          <display_name>ASHRAE 169-2013-6B</display_name>
        </choice>
        <choice>
          <value>ASHRAE 169-2013-7A</value>
          <display_name>ASHRAE 169-2013-7A</display_name>
        </choice>
        <choice>
          <value>ASHRAE 169-2013-8A</value>
          <display_name>ASHRAE 169-2013-8A</display_name>
        </choice>
        <choice>
          <value>CEC T24-CEC1</value>
          <display_name>CEC T24-CEC1</display_name>
        </choice>
        <choice>
          <value>CEC T24-CEC2</value>
          <display_name>CEC T24-CEC2</display_name>
        </choice>
        <choice>
          <value>CEC T24-CEC3</value>
          <display_name>CEC T24-CEC3</display_name>
        </choice>
        <choice>
          <value>CEC T24-CEC4</value>
          <display_name>CEC T24-CEC4</display_name>
        </choice>
        <choice>
          <value>CEC T24-CEC5</value>
          <display_name>CEC T24-CEC5</display_name>
        </choice>
        <choice>
          <value>CEC T24-CEC6</value>
          <display_name>CEC T24-CEC6</display_name>
        </choice>
        <choice>
          <value>CEC T24-CEC7</value>
          <display_name>CEC T24-CEC7</display_name>
        </choice>
        <choice>
          <value>CEC T24-CEC8</value>
          <display_name>CEC T24-CEC8</display_name>
        </choice>
        <choice>
          <value>CEC T24-CEC9</value>
          <display_name>CEC T24-CEC9</display_name>
        </choice>
        <choice>
          <value>CEC T24-CEC10</value>
          <display_name>CEC T24-CEC10</display_name>
        </choice>
        <choice>
          <value>CEC T24-CEC11</value>
          <display_name>CEC T24-CEC11</display_name>
        </choice>
        <choice>
          <value>CEC T24-CEC12</value>
          <display_name>CEC T24-CEC12</display_name>
        </choice>
        <choice>
          <value>CEC T24-CEC13</value>
          <display_name>CEC T24-CEC13</display_name>
        </choice>
        <choice>
          <value>CEC T24-CEC14</value>
          <display_name>CEC T24-CEC14</display_name>
        </choice>
        <choice>
          <value>CEC T24-CEC15</value>
          <display_name>CEC T24-CEC15</display_name>
        </choice>
        <choice>
          <value>CEC T24-CEC16</value>
          <display_name>CEC T24-CEC16</display_name>
        </choice>
      </choices>
    </argument>
  </arguments>
  <outputs />
  <provenances />
  <tags>
    <tag>Service Water Heating.Water Heating</tag>
  </tags>
  <attributes>
    <attribute>
      <name>Intended Software Tool</name>
      <value>Apply Measure Now</value>
      <datatype>string</datatype>
    </attribute>
    <attribute>
      <name>Intended Software Tool</name>
      <value>OpenStudio Application</value>
      <datatype>string</datatype>
    </attribute>
    <attribute>
      <name>Intended Software Tool</name>
      <value>Parametric Analysis Tool</value>
      <datatype>string</datatype>
    </attribute>
    <attribute>
      <name>Intended Software Tool</name>
      <value>Apply Measure Now</value>
      <datatype>string</datatype>
    </attribute>
    <attribute>
      <name>Intended Software Tool</name>
      <value>OpenStudio Application</value>
      <datatype>string</datatype>
    </attribute>
    <attribute>
      <name>Intended Software Tool</name>
      <value>Parametric Analysis Tool</value>
      <datatype>string</datatype>
    </attribute>
    <attribute>
      <name>Measure Type</name>
      <value>ModelMeasure</value>
      <datatype>string</datatype>
    </attribute>
    <attribute>
      <name>Intended Software Tool</name>
      <value>Apply Measure Now</value>
      <datatype>string</datatype>
    </attribute>
    <attribute>
      <name>Intended Software Tool</name>
      <value>OpenStudio Application</value>
      <datatype>string</datatype>
    </attribute>
    <attribute>
      <name>Intended Software Tool</name>
      <value>Parametric Analysis Tool</value>
      <datatype>string</datatype>
    </attribute>
  </attributes>
  <files>
    <file>
      <filename>README.md.erb</filename>
      <filetype>erb</filetype>
      <usage_type>readmeerb</usage_type>
      <checksum>703C9964</checksum>
    </file>
    <file>
      <filename>LICENSE.md</filename>
      <filetype>md</filetype>
      <usage_type>license</usage_type>
      <checksum>7406EC0C</checksum>
    </file>
    <file>
      <filename>README.md</filename>
      <filetype>md</filetype>
      <usage_type>readme</usage_type>
      <checksum>5848355B</checksum>
    </file>
    <file>
      <filename>deer_building_types.rb</filename>
      <filetype>rb</filetype>
      <usage_type>resource</usage_type>
      <checksum>7B1EFC72</checksum>
    </file>
    <file>
      <version>
        <software_program>OpenStudio</software_program>
        <identifier>2.6.0</identifier>
        <min_compatible>2.6.0</min_compatible>
      </version>
      <filename>measure.rb</filename>
      <filetype>rb</filetype>
      <usage_type>script</usage_type>
      <checksum>4354AF53</checksum>
    </file>
  </files>
</measure>
